q,a,E1,E2,f,N,h1
0.48,162.9088031,1500,23,0.8,1000000,343.8496883
0.48,162.9088031,1500,23,0.8,17333333,696.2850597
0.48,162.9088031,1500,23,0.8,33666666,819.3608481
0.48,162.9088031,1500,23,0.8,50000000,902.6808606
0.48,162.9088031,1500,23,0.87,1000000,316.1836215
0.48,162.9088031,1500,23,0.87,17333333,640.2621238
0.48,162.9088031,1500,23,0.87,33666666,753.4352627
0.48,162.9088031,1500,23,0.87,50000000,830.051366
0.48,162.9088031,1500,23,0.93,1000000,295.7846781
0.48,162.9088031,1500,23,0.93,17333333,598.95489
0.48,162.9088031,1500,23,0.93,33666666,704.826536
0.48,162.9088031,1500,23,0.93,50000000,776.499665
0.48,162.9088031,1500,23,1,1000000,275.0797507
0.48,162.9088031,1500,23,1,17333333,557.0280477
0.48,162.9088031,1500,23,1,33666666,655.4886785
0.48,162.9088031,1500,23,1,50000000,722.1446885
0.48,162.9088031,1500,80,0.8,1000000,124.5109483
0.48,162.9088031,1500,145,0.8,17333333,175.3809952
0.48,162.9088031,1500,145,0.8,33666666,216.4414304
0.48,162.9088031,1500,145,0.8,50000000,243.3042485
0.48,162.9088031,1500,90,0.87,1000000,98.44102293
0.48,162.9088031,1500,145,0.87,17333333,161.2698806
0.48,162.9088031,1500,145,0.87,33666666,199.0266026
0.48,162.9088031,1500,145,0.87,50000000,223.7280446
0.48,162.9088031,1500,90,0.93,1000000,92.0899892
0.48,162.9088031,1500,145,0.93,17333333,150.8653722
0.48,162.9088031,1500,145,0.93,33666666,186.1861767
0.48,162.9088031,1500,145,0.93,50000000,209.2939772
0.48,162.9088031,1500,90,1,1000000,85.64368995
0.48,162.9088031,1500,145,1,17333333,140.3047961
0.48,162.9088031,1500,145,1,33666666,173.1531443
0.48,162.9088031,1500,145,1,50000000,194.6433988
0.48,162.9088031,1500,120,0.8,1000000,53.21480363
0.48,162.9088031,1500,120,0.8,17333333,210.1836554
0.48,162.9088031,1500,267,0.8,33666666,89.42916825
0.48,162.9088031,1500,267,0.8,50000000,117.5956037
0.48,162.9088031,1500,120,0.87,1000000,48.93315276
0.48,162.9088031,1500,120,0.87,17333333,193.2723268
0.48,162.9088031,1500,267,0.87,33666666,82.23371793
0.48,162.9088031,1500,267,0.87,50000000,108.1338885
0.48,162.9088031,1500,125,0.93,1000000,33.85255574
0.48,162.9088031,1500,125,0.93,17333333,174.2618024
0.48,162.9088031,1500,267,0.93,33666666,76.92831677
0.48,162.9088031,1500,267,0.93,50000000,101.1575086
0.48,162.9088031,1500,127,1,1000000,25.05445988
0.48,162.9088031,1500,127,1,17333333,159.7130507
0.48,162.9088031,1500,267,1,33666666,71.5433346
0.48,162.9088031,1500,267,1,50000000,94.07648298
0.48,162.9088031,1500,128,0.8,1000000,25.67976654
0.48,162.9088031,1500,128,0.8,17333333,198.1930839
0.48,162.9088031,1500,128,0.8,33666666,241.3345523
0.48,162.9088031,1500,128,0.8,50000000,269.8357293
0.48,162.9088031,1500,128,0.87,1000000,23.61357842
0.48,162.9088031,1500,128,0.87,17333333,182.2465139
0.48,162.9088031,1500,128,0.87,33666666,221.9168297
0.48,162.9088031,1500,128,0.87,50000000,248.1248086
0.48,162.9088031,1500,128,0.93,1000000,22.09012175
0.48,162.9088031,1500,128,0.93,17333333,170.4886743
0.48,162.9088031,1500,128,0.93,33666666,207.5996149
0.48,162.9088031,1500,128,0.93,50000000,232.1167564
0.48,162.9088031,1500,128,1,1000000,20.54381323
0.48,162.9088031,1500,128,1,17333333,158.5544671
0.48,162.9088031,1500,128,1,33666666,193.0676418
0.48,162.9088031,1500,128,1,50000000,215.8685835
0.48,162.9088031,2167,23,0.8,1000000,304.1674599
0.48,162.9088031,2167,23,0.8,17333333,615.9297656
0.48,162.9088031,2167,23,0.8,33666666,724.8019014
0.48,162.9088031,2167,23,0.8,50000000,798.5063059
0.48,162.9088031,2167,23,0.87,1000000,279.694216
0.48,162.9088031,2167,23,0.87,17333333,566.3721983
0.48,162.9088031,2167,23,0.87,33666666,666.484507
0.48,162.9088031,2167,23,0.87,50000000,734.2586721
0.48,162.9088031,2167,23,0.93,1000000,261.6494278
0.48,162.9088031,2167,23,0.93,17333333,529.8320564
0.48,162.9088031,2167,23,0.93,33666666,623.4855065
0.48,162.9088031,2167,23,0.93,50000000,686.8871449
0.48,162.9088031,2167,23,1,1000000,243.3339679
0.48,162.9088031,2167,23,1,17333333,492.7438125
0.48,162.9088031,2167,23,1,33666666,579.8415211
0.48,162.9088031,2167,23,1,50000000,638.8050447
0.48,162.9088031,2167,122,0.8,1000000,42.69159078
0.48,162.9088031,2167,145,0.8,17333333,155.1410213
0.48,162.9088031,2167,145,0.8,33666666,191.4628465
0.48,162.9088031,2167,145,0.8,50000000,215.2255411
0.48,162.9088031,2167,125,0.87,1000000,32.01100238
0.48,162.9088031,2167,145,0.87,17333333,142.6584104
0.48,162.9088031,2167,145,0.87,33666666,176.0577898
0.48,162.9088031,2167,145,0.87,50000000,197.9085435
0.48,162.9088031,2167,125,0.93,1000000,29.94577642
0.48,162.9088031,2167,145,0.93,17333333,133.4546419
0.48,162.9088031,2167,145,0.93,33666666,164.6992228
0.48,162.9088031,2167,145,0.93,50000000,185.1402504
0.48,162.9088031,2167,124,1,1000000,30.14608515
0.48,162.9088031,2167,145,1,17333333,124.112817
0.48,162.9088031,2167,145,1,33666666,153.1702772
0.48,162.9088031,2167,145,1,50000000,172.1804329
0.48,162.9088031,2167,125,0.8,1000000,34.81196508
0.48,162.9088031,2167,125,0.8,17333333,179.2005256
0.48,162.9088031,2167,267,0.8,33666666,79.10852871
0.48,162.9088031,2167,267,0.8,50000000,104.0243958
0.48,162.9088031,2167,122,0.87,1000000,39.2566352
0.48,162.9088031,2167,122,0.87,17333333,168.4557255
0.48,162.9088031,2167,267,0.87,33666666,72.74347468
0.48,162.9088031,2167,267,0.87,50000000,95.65461683
0.48,162.9088031,2167,124,0.93,1000000,32.41514532
0.48,162.9088031,2167,124,0.93,17333333,155.2851724
0.48,162.9088031,2167,267,0.93,33666666,68.05034728
0.48,162.9088031,2167,267,0.93,50000000,89.48335123
0.48,162.9088031,2167,128,1,1000000,18.17293922
0.48,162.9088031,2167,124,1,17333333,144.4152103
0.48,162.9088031,2167,267,1,33666666,63.28682297
0.48,162.9088031,2167,267,1,50000000,83.21951665
0.48,162.9088031,2167,124,0.8,1000000,37.68260643
0.48,162.9088031,2167,124,0.8,17333333,180.5190129
0.48,162.9088031,2167,124,0.8,33666666,219.2289855
0.48,162.9088031,2167,124,0.8,50000000,244.8518835
0.48,162.9088031,2167,124,0.87,1000000,34.65067258
0.48,162.9088031,2167,124,0.87,17333333,165.9944946
0.48,162.9088031,2167,124,0.87,33666666,201.5898717
0.48,162.9088031,2167,124,0.87,50000000,225.1511572
0.48,162.9088031,2167,124,0.93,1000000,32.41514532
0.48,162.9088031,2167,124,0.93,17333333,155.2851724
0.48,162.9088031,2167,124,0.93,33666666,188.5840735
0.48,162.9088031,2167,124,0.93,50000000,210.6252761
0.48,162.9088031,2167,124,1,1000000,30.14608515
0.48,162.9088031,2167,124,1,17333333,144.4152103
0.48,162.9088031,2167,124,1,33666666,175.3831884
0.48,162.9088031,2167,124,1,50000000,195.8815068
0.48,162.9088031,2834,23,0.8,1000000,278.1414874
0.48,162.9088031,2834,23,0.8,17333333,563.2279706
0.48,162.9088031,2834,23,0.8,33666666,662.7845036
0.48,162.9088031,2834,23,0.8,50000000,730.182419
0.48,162.9088031,2834,23,0.87,1000000,255.7622872
0.48,162.9088031,2834,23,0.87,17333333,517.9107775
0.48,162.9088031,2834,23,0.87,33666666,609.4570148
0.48,162.9088031,2834,23,0.87,50000000,671.4321094
0.48,162.9088031,2834,23,0.93,1000000,239.2614945
0.48,162.9088031,2834,23,0.93,17333333,484.497179
0.48,162.9088031,2834,23,0.93,33666666,570.1372074
0.48,162.9088031,2834,23,0.93,50000000,628.1139088
0.48,162.9088031,2834,23,1,1000000,222.5131899
0.48,162.9088031,2834,23,1,17333333,450.5823765
0.48,162.9088031,2834,23,1,33666666,530.2276029
0.48,162.9088031,2834,23,1,50000000,584.1459352
0.48,162.9088031,2834,124,0.8,1000000,34.45830861
0.48,162.9088031,2834,145,0.8,17333333,141.8664391
0.48,162.9088031,2834,145,0.8,33666666,175.0804012
0.48,162.9088031,2834,145,0.8,50000000,196.8098499
0.48,162.9088031,2834,125,0.87,1000000,29.27199319
0.48,162.9088031,2834,145,0.87,17333333,130.451898
0.48,162.9088031,2834,145,0.87,33666666,160.9934723
0.48,162.9088031,2834,145,0.87,50000000,180.9745746
0.48,162.9088031,2834,122,0.93,1000000,33.58167839
0.48,162.9088031,2834,145,0.93,17333333,122.0356465
0.48,162.9088031,2834,145,0.93,33666666,150.6067967
0.48,162.9088031,2834,145,0.93,50000000,169.2987956
0.48,162.9088031,2834,126,1,1000000,23.08695416
0.48,162.9088031,2834,145,1,17333333,113.4931512
0.48,162.9088031,2834,145,1,33666666,140.0643209
0.48,162.9088031,2834,145,1,50000000,157.4478799
0.48,162.9088031,2834,124,0.8,1000000,34.45830861
0.48,162.9088031,2834,125,0.8,17333333,163.8673011
0.48,162.9088031,2834,267,0.8,33666666,72.33963768
0.48,162.9088031,2834,267,0.8,50000000,95.12358813
0.48,162.9088031,2834,122,0.87,1000000,35.89765621
0.48,162.9088031,2834,124,0.87,17333333,151.7912391
0.48,162.9088031,2834,267,0.87,33666666,66.51920706
0.48,162.9088031,2834,267,0.87,50000000,87.46996609
0.48,162.9088031,2834,128,0.93,1000000,17.86879421
0.48,162.9088031,2834,127,0.93,17333333,138.9167436
0.48,162.9088031,2834,267,0.93,33666666,62.22764532
0.48,162.9088031,2834,267,0.93,50000000,81.82674248
0.48,162.9088031,2834,125,1,1000000,25.46663408
0.48,162.9088031,2834,126,1,17333333,130.1386482
0.48,162.9088031,2834,267,1,33666666,57.87171015
0.48,162.9088031,2834,267,1,50000000,76.0988705
0.48,162.9088031,2834,125,0.8,1000000,31.83329259
0.48,162.9088031,2834,125,0.8,17333333,163.8673011
0.48,162.9088031,2834,125,0.8,33666666,199.1358983
0.48,162.9088031,2834,125,0.8,50000000,222.4698999
0.48,162.9088031,2834,125,0.87,1000000,29.27199319
0.48,162.9088031,2834,125,0.87,17333333,150.6825757
0.48,162.9088031,2834,125,0.87,33666666,183.1134697
0.48,162.9088031,2834,125,0.87,50000000,204.5700229
0.48,162.9088031,2834,125,0.93,1000000,27.3834775
0.48,162.9088031,2834,125,0.93,17333333,140.9611192
0.48,162.9088031,2834,125,0.93,33666666,171.2996975
0.48,162.9088031,2834,125,0.93,50000000,191.3719569
0.48,162.9088031,2834,125,1,1000000,25.46663408
0.48,162.9088031,2834,125,1,17333333,131.0938409
0.48,162.9088031,2834,125,1,33666666,159.3087186
0.48,162.9088031,2834,125,1,50000000,177.9759199
0.48,162.9088031,3500,23,0.8,1000000,259.2445926
0.48,162.9088031,3500,23,0.8,17333333,524.962339
0.48,162.9088031,3500,23,0.8,33666666,617.7550148
0.48,162.9088031,3500,23,0.8,50000000,680.573925
0.48,162.9088031,3500,23,0.87,1000000,238.3858323
0.48,162.9088031,3500,23,0.87,17333333,482.7239899
0.48,162.9088031,3500,23,0.87,33666666,568.0505883
0.48,162.9088031,3500,23,0.87,50000000,625.8151034
0.48,162.9088031,3500,23,0.93,1000000,223.0061012
0.48,162.9088031,3500,23,0.93,17333333,451.5805067
0.48,162.9088031,3500,23,0.93,33666666,531.4021633
0.48,162.9088031,3500,23,0.93,50000000,585.4399355
0.48,162.9088031,3500,23,1,1000000,207.3956741
0.48,162.9088031,3500,23,1,17333333,419.9698712
0.48,162.9088031,3500,23,1,33666666,494.2040119
0.48,162.9088031,3500,23,1,50000000,544.45914
0.48,162.9088031,3500,123,0.8,1000000,34.33627459
0.48,162.9088031,3500,145,0.8,17333333,132.2280525
0.48,162.9088031,3500,145,0.8,33666666,163.1854626
0.48,162.9088031,3500,145,0.8,50000000,183.4386156
0.48,162.9088031,3500,124,0.87,1000000,29.53307202
0.48,162.9088031,3500,145,0.87,17333333,121.5890138
0.48,162.9088031,3500,145,0.87,33666666,150.0555978
0.48,162.9088031,3500,145,0.87,50000000,168.6791867
0.48,162.9088031,3500,122,0.93,1000000,31.30014374
0.48,162.9088031,3500,145,0.93,17333333,113.7445613
0.48,162.9088031,3500,145,0.93,33666666,140.3745915
0.48,162.9088031,3500,145,0.93,50000000,157.7966585
0.48,162.9088031,3500,123,1,1000000,27.46901967
0.48,162.9088031,3500,145,1,17333333,105.782442
0.48,162.9088031,3500,145,1,33666666,130.5483701
0.48,162.9088031,3500,145,1,50000000,146.7508924
0.48,162.9088031,3500,125,0.8,1000000,29.67054304
0.48,162.9088031,3500,125,0.8,17333333,152.734179
0.48,162.9088031,3500,267,0.8,33666666,67.42489256
0.48,162.9088031,3500,267,0.8,50000000,88.66090452
0.48,162.9088031,3500,126,0.87,1000000,24.73382717
0.48,162.9088031,3500,126,0.87,17333333,139.4218922
0.48,162.9088031,3500,267,0.87,33666666,61.99990121
0.48,162.9088031,3500,267,0.87,50000000,81.52726852
0.48,162.9088031,3500,123,0.93,1000000,29.53658029
0.48,162.9088031,3500,124,0.93,17333333,132.3509138
0.48,162.9088031,3500,267,0.93,33666666,57.99990758
0.48,162.9088031,3500,267,0.93,50000000,76.26744475
0.48,162.9088031,3500,125,1,1000000,23.73643443
0.48,162.9088031,3500,125,1,17333333,122.1873432
0.48,162.9088031,3500,267,1,33666666,53.93991405
0.48,162.9088031,3500,267,1,50000000,70.92872362
0.48,162.9088031,3500,127,0.8,1000000,23.6121824
0.48,162.9088031,3500,127,0.8,17333333,150.5190573
0.48,162.9088031,3500,127,0.8,33666666,183.1583232
0.48,162.9088031,3500,127,0.8,50000000,204.7319282
0.48,162.9088031,3500,127,0.87,1000000,21.71235163
0.48,162.9088031,3500,127,0.87,17333333,138.4083286
0.48,162.9088031,3500,127,0.87,33666666,168.4214466
0.48,162.9088031,3500,127,0.87,50000000,188.2592443
0.48,162.9088031,3500,127,0.93,1000000,20.31155475
0.48,162.9088031,3500,127,0.93,17333333,129.478759
0.48,162.9088031,3500,127,0.93,33666666,157.5555468
0.48,162.9088031,3500,127,0.93,50000000,176.1134866
0.48,162.9088031,3500,127,1,1000000,18.88974592
0.48,162.9088031,3500,127,1,17333333,120.4152459
0.48,162.9088031,3500,127,1,33666666,146.5266585
0.48,162.9088031,3500,127,1,50000000,163.7855425
0.59,146.9397057,1500,23,0.8,1000000,344.7187461
0.59,146.9397057,1500,23,0.8,17333333,696.7135879
0.59,146.9397057,1500,23,0.8,33666666,819.724958
0.59,146.9397057,1500,23,0.8,50000000,903.0113415
0.59,146.9397057,1500,23,0.87,1000000,316.9827551
0.59,146.9397057,1500,23,0.87,17333333,640.6561728
0.59,146.9397057,1500,23,0.87,33666666,753.7700763
0.59,146.9397057,1500,23,0.87,50000000,830.3552566
0.59,146.9397057,1500,23,0.93,1000000,296.5322547
0.59,146.9397057,1500,23,0.93,17333333,599.3235165
0.59,146.9397057,1500,23,0.93,33666666,705.1397488
0.59,146.9397057,1500,23,0.93,50000000,776.7839497
0.59,146.9397057,1500,23,1,1000000,275.7749969
0.59,146.9397057,1500,23,1,17333333,557.3708703
0.59,146.9397057,1500,23,1,33666666,655.7799664
0.59,146.9397057,1500,23,1,50000000,722.4090732
0.59,146.9397057,1500,56,0.8,1000000,179.7788891
0.59,146.9397057,1500,145,0.8,17333333,181.3177478
0.59,146.9397057,1500,145,0.8,33666666,221.2181357
0.59,146.9397057,1500,145,0.8,50000000,247.5407329
0.59,146.9397057,1500,56,0.87,1000000,165.313921
0.59,146.9397057,1500,145,0.87,17333333,166.7289635
0.59,146.9397057,1500,145,0.87,33666666,203.4189754
0.59,146.9397057,1500,145,0.87,50000000,227.6236625
0.59,146.9397057,1500,65,0.93,1000000,136.3485642
0.59,146.9397057,1500,145,0.93,17333333,155.9722561
0.59,146.9397057,1500,145,0.93,33666666,190.2951705
0.59,146.9397057,1500,145,0.93,50000000,212.9382649
0.59,146.9397057,1500,70,1,1000000,118.6180576
0.59,146.9397057,1500,145,1,17333333,145.0541982
0.59,146.9397057,1500,145,1,33666666,176.9745086
0.59,146.9397057,1500,145,1,50000000,198.0325864
0.59,146.9397057,1500,72,0.8,1000000,144.42622
0.59,146.9397057,1500,267,0.8,17333333,62.26672299
0.59,146.9397057,1500,267,0.8,33666666,107.7494121
0.59,146.9397057,1500,267,0.8,50000000,131.3326955
0.59,146.9397057,1500,75,0.87,1000000,127.7095851
0.59,146.9397057,1500,267,0.87,17333333,57.25675677
0.59,146.9397057,1500,267,0.87,33666666,99.07991913
0.59,146.9397057,1500,267,0.87,50000000,120.765697
0.59,146.9397057,1500,80,0.93,1000000,111.9751493
0.59,146.9397057,1500,267,0.93,17333333,53.56277246
0.59,146.9397057,1500,267,0.93,33666666,92.68766629
0.59,146.9397057,1500,267,0.93,50000000,112.9743617
0.59,146.9397057,1500,88,1,1000000,93.84168052
0.59,146.9397057,1500,267,1,17333333,49.81337839
0.59,146.9397057,1500,267,1,33666666,86.19952965
0.59,146.9397057,1500,267,1,50000000,105.0661564
0.59,146.9397057,1500,90,0.8,1000000,114.2461893
0.59,146.9397057,1500,90,0.8,17333333,269.5233005
0.59,146.9397057,1500,90,0.8,33666666,320.7883114
0.59,146.9397057,1500,90,0.8,50000000,355.2163483
0.59,146.9397057,1500,90,0.87,1000000,105.0539672
0.59,146.9397057,1500,90,0.87,17333333,247.8375177
0.59,146.9397057,1500,90,0.87,33666666,294.9777576
0.59,146.9397057,1500,90,0.87,50000000,326.6357226
0.59,146.9397057,1500,90,0.93,1000000,98.27629188
0.59,146.9397057,1500,90,0.93,17333333,231.8480004
0.59,146.9397057,1500,90,0.93,33666666,275.9469345
0.59,146.9397057,1500,90,0.93,50000000,305.5624502
0.59,146.9397057,1500,90,1,1000000,91.39695145
0.59,146.9397057,1500,90,1,17333333,215.6186404
0.59,146.9397057,1500,90,1,33666666,256.6306491
0.59,146.9397057,1500,90,1,50000000,284.1730787
0.59,146.9397057,2167,23,0.8,1000000,304.9362234
0.59,146.9397057,2167,23,0.8,17333333,616.3088392
0.59,146.9397057,2167,23,0.8,33666666,725.1239909
0.59,146.9397057,2167,23,0.8,50000000,798.7986475
0.59,146.9397057,2167,23,0.87,1000000,280.401125
0.59,146.9397057,2167,23,0.87,17333333,566.7207717
0.59,146.9397057,2167,23,0.87,33666666,666.7806812
0.59,146.9397057,2167,23,0.87,50000000,734.5274919
0.59,146.9397057,2167,23,0.93,1000000,262.3107298
0.59,146.9397057,2167,23,0.93,17333333,530.1581413
0.59,146.9397057,2167,23,0.93,33666666,623.7625728
0.59,146.9397057,2167,23,0.93,50000000,687.1386215
0.59,146.9397057,2167,23,1,1000000,243.9489787
0.59,146.9397057,2167,23,1,17333333,493.0470714
0.59,146.9397057,2167,23,1,33666666,580.0991927
0.59,146.9397057,2167,23,1,50000000,639.038918
0.59,146.9397057,2167,33,0.8,1000000,236.9013468
0.59,146.9397057,2167,145,0.8,17333333,160.3926385
0.59,146.9397057,2167,145,0.8,33666666,195.6882926
0.59,146.9397057,2167,145,0.8,50000000,218.9731109
0.59,146.9397057,2167,45,0.87,1000000,173.5670479
0.59,146.9397057,2167,145,0.87,17333333,147.4874837
0.59,146.9397057,2167,145,0.87,33666666,179.9432575
0.59,146.9397057,2167,145,0.87,50000000,201.3545848
0.59,146.9397057,2167,56,0.93,1000000,136.8011811
0.59,146.9397057,2167,145,0.93,17333333,137.9721622
0.59,146.9397057,2167,145,0.93,33666666,168.3340151
0.59,146.9397057,2167,145,0.93,50000000,188.3639664
0.59,146.9397057,2167,65,1,1000000,112.170236
0.59,146.9397057,2167,145,1,17333333,128.3141108
0.59,146.9397057,2167,145,1,33666666,156.5506341
0.59,146.9397057,2167,145,1,50000000,175.1784888
0.59,146.9397057,2167,68,0.8,1000000,134.6825684
0.59,146.9397057,2167,267,0.8,17333333,55.08078561
0.59,146.9397057,2167,267,0.8,33666666,95.31451119
0.59,146.9397057,2167,267,0.8,50000000,116.1761483
0.59,146.9397057,2167,75,0.87,1000000,112.9711656
0.59,146.9397057,2167,267,0.87,17333333,50.64899826
0.59,146.9397057,2167,267,0.87,33666666,87.64552753
0.59,146.9397057,2167,267,0.87,50000000,106.8286421
0.59,146.9397057,2167,56,0.93,1000000,136.8011811
0.59,146.9397057,2167,267,0.93,17333333,47.38132095
0.59,146.9397057,2167,267,0.93,33666666,81.99097737
0.59,146.9397057,2167,267,0.93,50000000,99.93647166
0.59,146.9397057,2167,58,1,1000000,123.6098772
0.59,146.9397057,2167,267,1,17333333,44.06462849
0.59,146.9397057,2167,267,1,33666666,76.25160895
0.59,146.9397057,2167,267,1,50000000,92.94091864
0.59,146.9397057,2167,90,0.8,1000000,101.061523
0.59,146.9397057,2167,90,0.8,17333333,238.4187639
0.59,146.9397057,2167,90,0.8,33666666,283.7674983
0.59,146.9397057,2167,90,0.8,50000000,314.222342
0.59,146.9397057,2167,90,0.87,1000000,92.93013613
0.59,146.9397057,2167,90,0.87,17333333,219.235645
0.59,146.9397057,2167,90,0.87,33666666,260.9356306
0.59,146.9397057,2167,90,0.87,50000000,288.9400846
0.59,146.9397057,2167,90,0.93,1000000,86.93464348
0.59,146.9397057,2167,90,0.93,17333333,205.0914098
0.59,146.9397057,2167,90,0.93,33666666,244.1010738
0.59,146.9397057,2167,90,0.93,50000000,270.2987888
0.59,146.9397057,2167,90,1,1000000,80.84921843
0.59,146.9397057,2167,90,1,17333333,190.7350112
0.59,146.9397057,2167,90,1,33666666,227.0139986
0.59,146.9397057,2167,90,1,50000000,251.3778736
0.59,146.9397057,2834,23,0.8,1000000,278.844472
0.59,146.9397057,2834,23,0.8,17333333,563.5746089
0.59,146.9397057,2834,23,0.8,33666666,663.0790337
0.59,146.9397057,2834,23,0.8,50000000,730.4497464
0.59,146.9397057,2834,23,0.87,1000000,256.4087099
0.59,146.9397057,2834,23,0.87,17333333,518.2295254
0.59,146.9397057,2834,23,0.87,33666666,609.727847
0.59,146.9397057,2834,23,0.87,50000000,671.6779278
0.59,146.9397057,2834,23,0.93,1000000,239.8662124
0.59,146.9397057,2834,23,0.93,17333333,484.7953625
0.59,146.9397057,2834,23,0.93,33666666,570.3905666
0.59,146.9397057,2834,23,0.93,50000000,628.3438679
0.59,146.9397057,2834,23,1,1000000,223.0755776
0.59,146.9397057,2834,23,1,17333333,450.8596871
0.59,146.9397057,2834,23,1,33666666,530.4632269
0.59,146.9397057,2834,23,1,50000000,584.3597972
0.59,146.9397057,2834,45,0.8,1000000,172.6034867
0.59,146.9397057,2834,145,0.8,17333333,146.6687037
0.59,146.9397057,2834,145,0.8,33666666,178.9442986
0.59,146.9397057,2834,145,0.8,50000000,200.2367604
0.59,146.9397057,2834,46,0.87,1000000,156.088812
0.59,146.9397057,2834,145,0.87,17333333,134.8677735
0.59,146.9397057,2834,145,0.87,33666666,164.5464815
0.59,146.9397057,2834,145,0.87,50000000,184.1257567
0.59,146.9397057,2834,56,0.93,1000000,125.0958403
0.59,146.9397057,2834,145,0.93,17333333,126.1666268
0.59,146.9397057,2834,145,0.93,33666666,153.9305794
0.59,146.9397057,2834,145,0.93,50000000,172.2466756
0.59,146.9397057,2834,58,1,1000000,113.0332452
0.59,146.9397057,2834,145,1,17333333,117.334963
0.59,146.9397057,2834,145,1,33666666,143.1554389
0.59,146.9397057,2834,145,1,50000000,160.1894083
0.59,146.9397057,2834,67,0.8,1000000,124.8125742
0.59,146.9397057,2834,267,0.8,17333333,50.36781924
0.59,146.9397057,2834,267,0.8,33666666,87.15896146
0.59,146.9397057,2834,267,0.8,50000000,106.2355806
0.59,146.9397057,2834,46,0.87,1000000,156.088812
0.59,146.9397057,2834,267,0.87,17333333,46.31523608
0.59,146.9397057,2834,267,0.87,33666666,80.14617146
0.59,146.9397057,2834,267,0.87,50000000,97.68789017
0.59,146.9397057,2834,56,0.93,1000000,125.0958403
0.59,146.9397057,2834,267,0.93,17333333,43.32715633
0.59,146.9397057,2834,267,0.93,33666666,74.97545072
0.59,146.9397057,2834,267,0.93,50000000,91.38544565
0.59,146.9397057,2834,67,1,1000000,99.85005935
0.59,146.9397057,2834,267,1,17333333,40.29425539
0.59,146.9397057,2834,267,1,33666666,69.72716917
0.59,146.9397057,2834,267,1,50000000,84.98846445
0.59,146.9397057,2834,95,0.8,1000000,86.40733226
0.59,146.9397057,2834,95,0.8,17333333,209.2155611
0.59,146.9397057,2834,95,0.8,33666666,249.3932481
0.59,146.9397057,2834,95,0.8,50000000,276.3458202
0.59,146.9397057,2834,95,0.87,1000000,79.45501817
0.59,146.9397057,2834,95,0.87,17333333,192.3821251
0.59,146.9397057,2834,95,0.87,33666666,229.3271247
0.59,146.9397057,2834,95,0.87,50000000,254.1110991
0.59,146.9397057,2834,95,0.93,1000000,74.32888797
0.59,146.9397057,2834,95,0.93,17333333,179.9703751
0.59,146.9397057,2834,95,0.93,33666666,214.5318263
0.59,146.9397057,2834,95,0.93,50000000,237.7168346
0.59,146.9397057,2834,95,1,1000000,69.12586581
0.59,146.9397057,2834,95,1,17333333,167.3724489
0.59,146.9397057,2834,95,1,33666666,199.5145985
0.59,146.9397057,2834,95,1,50000000,221.0766562
0.59,146.9397057,3500,23,0.8,1000000,259.8998166
0.59,146.9397057,3500,23,0.8,17333333,525.2854268
0.59,146.9397057,3500,23,0.8,33666666,618.0295345
0.59,146.9397057,3500,23,0.8,50000000,680.8230903
0.59,146.9397057,3500,23,0.87,1000000,238.9883371
0.59,146.9397057,3500,23,0.87,17333333,483.0210821
0.59,146.9397057,3500,23,0.87,33666666,568.3030202
0.59,146.9397057,3500,23,0.87,50000000,626.0442209
0.59,146.9397057,3500,23,0.93,1000000,223.5697347
0.59,146.9397057,3500,23,0.93,17333333,451.8584317
0.59,146.9397057,3500,23,0.93,33666666,531.6383093
0.59,146.9397057,3500,23,0.93,50000000,585.6542712
0.59,146.9397057,3500,23,1,1000000,207.9198533
0.59,146.9397057,3500,23,1,17333333,420.2283415
0.59,146.9397057,3500,23,1,33666666,494.4236276
0.59,146.9397057,3500,23,1,50000000,544.6584722
0.59,146.9397057,3500,87,0.8,1000000,89.6077036
0.59,146.9397057,3500,145,0.8,17333333,136.704052
0.59,146.9397057,3500,145,0.8,33666666,166.7868473
0.59,146.9397057,3500,145,0.8,50000000,186.6327022
0.59,146.9397057,3500,78,0.87,1000000,92.61222795
0.59,146.9397057,3500,145,0.87,17333333,125.7048754
0.59,146.9397057,3500,145,0.87,33666666,153.367216
0.59,146.9397057,3500,145,0.87,50000000,171.6162779
0.59,146.9397057,3500,56,0.93,1000000,116.5968459
0.59,146.9397057,3500,145,0.93,17333333,117.5948834
0.59,146.9397057,3500,145,0.93,33666666,143.4725569
0.59,146.9397057,3500,145,0.93,50000000,160.5442599
0.59,146.9397057,3500,58,1,1000000,105.353782
0.59,146.9397057,3500,145,1,17333333,109.3632416
0.59,146.9397057,3500,145,1,33666666,133.4294779
0.59,146.9397057,3500,145,1,50000000,149.3061617
0.59,146.9397057,3500,123,0.8,1000000,50.35950862
0.59,146.9397057,3500,267,0.8,17333333,46.94583646
0.59,146.9397057,3500,267,0.8,33666666,81.2373935
0.59,146.9397057,3500,267,0.8,50000000,99.0179497
0.59,146.9397057,3500,98,0.87,1000000,71.0494632
0.59,146.9397057,3500,267,0.87,17333333,43.16858525
0.59,146.9397057,3500,267,0.87,33666666,74.7010515
0.59,146.9397057,3500,267,0.87,50000000,91.05098823
0.59,146.9397057,3500,68,0.93,1000000,98.74506136
0.59,146.9397057,3500,267,0.93,17333333,40.38351524
0.59,146.9397057,3500,267,0.93,33666666,69.88162882
0.59,146.9397057,3500,267,0.93,50000000,85.17673093
0.59,146.9397057,3500,78,1,1000000,80.57263832
0.59,146.9397057,3500,267,1,17333333,37.55666917
0.59,146.9397057,3500,267,1,33666666,64.9899148
0.59,146.9397057,3500,267,1,50000000,79.21435976
0.59,146.9397057,3500,85,0.8,1000000,91.97903121
0.59,146.9397057,3500,85,0.8,17333333,212.1223345
0.59,146.9397057,3500,85,0.8,33666666,252.1090553
0.59,146.9397057,3500,85,0.8,50000000,278.9902019
0.59,146.9397057,3500,85,0.87,1000000,84.57841951
0.59,146.9397057,3500,85,0.87,17333333,195.0550202
0.59,146.9397057,3500,85,0.87,33666666,231.8244187
0.59,146.9397057,3500,85,0.87,50000000,256.5427143
0.59,146.9397057,3500,85,0.93,1000000,79.12174728
0.59,146.9397057,3500,85,0.93,17333333,182.4708254
0.59,146.9397057,3500,85,0.93,33666666,216.8680046
0.59,146.9397057,3500,85,0.93,50000000,239.9915715
0.59,146.9397057,3500,85,1,1000000,73.58322497
0.59,146.9397057,3500,85,1,17333333,169.6978676
0.59,146.9397057,3500,85,1,33666666,201.6872442
0.59,146.9397057,3500,85,1,50000000,223.1921615
0.69,135.8753345,1500,23,0.8,1000000,345.2669148
0.69,135.8753345,1500,23,0.8,17333333,696.9844216
0.69,135.8753345,1500,23,0.8,33666666,819.9551194
0.69,135.8753345,1500,23,0.8,50000000,903.2202623
0.69,135.8753345,1500,23,0.87,1000000,317.4868182
0.69,135.8753345,1500,23,0.87,17333333,640.9052152
0.69,135.8753345,1500,23,0.87,33666666,753.9817189
0.69,135.8753345,1500,23,0.87,50000000,830.5473676
0.69,135.8753345,1500,23,0.93,1000000,297.0037977
0.69,135.8753345,1500,23,0.93,17333333,599.5564917
0.69,135.8753345,1500,23,0.93,33666666,705.3377371
0.69,135.8753345,1500,23,0.93,50000000,776.9636665
0.69,135.8753345,1500,23,1,1000000,276.2135319
0.69,135.8753345,1500,23,1,17333333,557.5875373
0.69,135.8753345,1500,23,1,33666666,655.9640955
0.69,135.8753345,1500,23,1,50000000,722.5762098
0.69,135.8753345,1500,145,0.8,1000000,45.15301144
0.69,135.8753345,1500,145,0.8,17333333,184.9449148
0.69,135.8753345,1500,145,0.8,33666666,224.1714123
0.69,135.8753345,1500,145,0.8,50000000,250.172443
0.69,135.8753345,1500,145,0.87,1000000,41.52001052
0.69,135.8753345,1500,145,0.87,17333333,170.0642895
0.69,135.8753345,1500,145,0.87,33666666,206.134632
0.69,135.8753345,1500,145,0.87,50000000,230.0436257
0.69,135.8753345,1500,145,0.93,1000000,38.84130016
0.69,135.8753345,1500,145,0.93,17333333,159.0923998
0.69,135.8753345,1500,145,0.93,33666666,192.8356235
0.69,135.8753345,1500,145,0.93,50000000,215.2021015
0.69,135.8753345,1500,145,1,1000000,36.12240915
0.69,135.8753345,1500,145,1,17333333,147.9559319
0.69,135.8753345,1500,145,1,33666666,179.3371298
0.69,135.8753345,1500,145,1,50000000,200.1379544
0.69,135.8753345,1500,65,0.8,1000000,160.9241607
0.69,135.8753345,1500,267,0.8,17333333,79.64276356
0.69,135.8753345,1500,267,0.8,33666666,117.3709469
0.69,135.8753345,1500,267,0.8,50000000,139.0925007
0.69,135.8753345,1500,78,0.87,1000000,125.8434418
0.69,135.8753345,1500,267,0.87,17333333,73.23472512
0.69,135.8753345,1500,267,0.87,33666666,107.9273075
0.69,135.8753345,1500,267,0.87,50000000,127.90115
0.69,135.8753345,1500,89,0.93,1000000,103.1644273
0.69,135.8753345,1500,267,0.93,17333333,68.50990414
0.69,135.8753345,1500,267,0.93,33666666,100.9642554
0.69,135.8753345,1500,267,0.93,50000000,119.6494629
0.69,135.8753345,1500,67,1,1000000,125.469589
0.69,135.8753345,1500,267,1,17333333,63.71421085
0.69,135.8753345,1500,267,1,33666666,93.89675749
0.69,135.8753345,1500,267,1,50000000,111.2740005
0.69,135.8753345,1500,98,0.8,1000000,107.5466888
0.69,135.8753345,1500,98,0.8,17333333,254.4894909
0.69,135.8753345,1500,98,0.8,33666666,302.950996
0.69,135.8753345,1500,390,0.8,50000000,46.51537101
0.69,135.8753345,1500,98,0.87,1000000,98.89350697
0.69,135.8753345,1500,98,0.87,17333333,234.013325
0.69,135.8753345,1500,98,0.87,33666666,278.5756285
0.69,135.8753345,1500,390,0.87,50000000,42.77275495
0.69,135.8753345,1500,98,0.93,1000000,92.51328071
0.69,135.8753345,1500,98,0.93,17333333,218.9156911
0.69,135.8753345,1500,98,0.93,33666666,260.6030073
0.69,135.8753345,1500,390,0.93,50000000,40.01322237
0.69,135.8753345,1500,98,1,1000000,86.03735106
0.69,135.8753345,1500,98,1,17333333,203.5915927
0.69,135.8753345,1500,98,1,33666666,242.3607968
0.69,135.8753345,1500,390,1,50000000,37.21229681
0.69,135.8753345,2167,23,0.8,1000000,305.4211303
0.69,135.8753345,2167,23,0.8,17333333,616.5484171
0.69,135.8753345,2167,23,0.8,33666666,725.3275903
0.69,135.8753345,2167,23,0.8,50000000,798.9834576
0.69,135.8753345,2167,23,0.87,1000000,280.8470164
0.69,135.8753345,2167,23,0.87,17333333,566.9410732
0.69,135.8753345,2167,23,0.87,33666666,666.9678991
0.69,135.8753345,2167,23,0.87,50000000,734.6974322
0.69,135.8753345,2167,23,0.93,1000000,262.727854
0.69,135.8753345,2167,23,0.93,17333333,530.3642298
0.69,135.8753345,2167,23,0.93,33666666,623.9377121
0.69,135.8753345,2167,23,0.93,50000000,687.2975979
0.69,135.8753345,2167,23,1,1000000,244.3369042
0.69,135.8753345,2167,23,1,17333333,493.2387337
0.69,135.8753345,2167,23,1,33666666,580.2620722
0.69,135.8753345,2167,23,1,50000000,639.1867661
0.69,135.8753345,2167,145,0.8,1000000,39.94209464
0.69,135.8753345,2167,145,0.8,17333333,163.6012097
0.69,135.8753345,2167,145,0.8,33666666,198.3007441
0.69,135.8753345,2167,145,0.8,50000000,221.3011065
0.69,135.8753345,2167,145,0.87,1000000,36.72836289
0.69,135.8753345,2167,145,0.87,17333333,150.4378939
0.69,135.8753345,2167,145,0.87,33666666,182.3455118
0.69,135.8753345,2167,145,0.87,50000000,203.4952704
0.69,135.8753345,2167,145,0.93,1000000,34.35879109
0.69,135.8753345,2167,145,0.93,17333333,140.7322234
0.69,135.8753345,2167,145,0.93,33666666,170.5812852
0.69,135.8753345,2167,145,0.93,50000000,190.3665432
0.69,135.8753345,2167,145,1,1000000,31.95367571
0.69,135.8753345,2167,145,1,17333333,130.8809677
0.69,135.8753345,2167,145,1,33666666,158.6405953
0.69,135.8753345,2167,145,1,50000000,177.0408852
0.69,135.8753345,2167,58,0.8,1000000,156.3052805
0.69,135.8753345,2167,267,0.8,17333333,70.45153133
0.69,135.8753345,2167,267,0.8,33666666,103.8256656
0.69,135.8753345,2167,267,0.8,50000000,123.0404274
0.69,135.8753345,2167,65,0.87,1000000,130.898932
0.69,135.8753345,2167,267,0.87,17333333,64.78301731
0.69,135.8753345,2167,267,0.87,33666666,95.47187644
0.69,135.8753345,2167,267,0.87,50000000,113.1406229
0.69,135.8753345,2167,78,0.93,1000000,104.1384257
0.69,135.8753345,2167,267,0.93,17333333,60.60346781
0.69,135.8753345,2167,267,0.93,33666666,89.31240054
0.69,135.8753345,2167,267,0.93,50000000,105.8412279
0.69,135.8753345,2167,56,1,1000000,128.5851455
0.69,135.8753345,2167,267,1,17333333,56.36122506
0.69,135.8753345,2167,267,1,33666666,83.0605325
0.69,135.8753345,2167,267,1,50000000,98.43234192
0.69,135.8753345,2167,98,0.8,1000000,95.13518338
0.69,135.8753345,2167,98,0.8,17333333,225.1199423
0.69,135.8753345,2167,98,0.8,33666666,267.9887115
0.69,135.8753345,2167,390,0.8,50000000,41.1472301
0.69,135.8753345,2167,98,0.87,1000000,87.4806284
0.69,135.8753345,2167,98,0.87,17333333,207.0068435
0.69,135.8753345,2167,98,0.87,33666666,246.4264013
0.69,135.8753345,2167,390,0.87,50000000,37.83653342
0.69,135.8753345,2167,98,0.93,1000000,81.83671689
0.69,135.8753345,2167,98,0.93,17333333,193.6515633
0.69,135.8753345,2167,98,0.93,33666666,230.5279238
0.69,135.8753345,2167,390,0.93,50000000,35.39546675
0.69,135.8753345,2167,87,1,1000000,86.9279055
0.69,135.8753345,2167,89,1,17333333,193.5713551
0.69,135.8753345,2167,88,1,33666666,231.7675661
0.69,135.8753345,2167,390,1,50000000,32.91778408
0.69,135.8753345,2834,23,0.8,1000000,279.287888
0.69,135.8753345,2834,23,0.8,17333333,563.7936874
0.69,135.8753345,2834,23,0.8,33666666,663.2652122
0.69,135.8753345,2834,23,0.8,50000000,730.6187433
0.69,135.8753345,2834,23,0.87,1000000,256.8164487
0.69,135.8753345,2834,23,0.87,17333333,518.4309769
0.69,135.8753345,2834,23,0.87,33666666,609.8990457
0.69,135.8753345,2834,23,0.87,50000000,671.8333272
0.69,135.8753345,2834,23,0.93,1000000,240.2476456
0.69,135.8753345,2834,23,0.93,17333333,484.9838171
0.69,135.8753345,2834,23,0.93,33666666,570.5507201
0.69,135.8753345,2834,23,0.93,50000000,628.4892416
0.69,135.8753345,2834,23,1,1000000,223.4303104
0.69,135.8753345,2834,23,1,17333333,451.0349499
0.69,135.8753345,2834,23,1,33666666,530.6121697
0.69,135.8753345,2834,23,1,50000000,584.4949947
0.69,135.8753345,2834,145,0.8,1000000,36.52446458
0.69,135.8753345,2834,145,0.8,17333333,149.6027347
0.69,135.8753345,2834,145,0.8,33666666,181.3332167
0.69,135.8753345,2834,145,0.8,50000000,202.3655619
0.69,135.8753345,2834,145,0.87,1000000,33.58571455
0.69,135.8753345,2834,145,0.87,17333333,137.565733
0.69,135.8753345,2834,145,0.87,33666666,166.7431878
0.69,135.8753345,2834,145,0.87,50000000,186.0832753
0.69,135.8753345,2834,145,0.93,1000000,31.41889426
0.69,135.8753345,2834,145,0.93,17333333,128.6905245
0.69,135.8753345,2834,145,0.93,33666666,155.9855627
0.69,135.8753345,2834,145,0.93,50000000,174.0779027
0.69,135.8753345,2834,145,1,1000000,29.21957166
0.69,135.8753345,2834,145,1,17333333,119.6821877
0.69,135.8753345,2834,145,1,33666666,145.0665733
0.69,135.8753345,2834,145,1,50000000,161.8924495
0.69,135.8753345,2834,123,0.8,1000000,61.67377639
0.69,135.8753345,2834,267,0.8,17333333,64.42337297
0.69,135.8753345,2834,267,0.8,33666666,94.94186222
0.69,135.8753345,2834,267,0.8,50000000,112.5125202
0.69,135.8753345,2834,122,0.87,1000000,57.63348514
0.69,135.8753345,2834,267,0.87,17333333,59.23988319
0.69,135.8753345,2834,267,0.87,33666666,87.30286181
0.69,135.8753345,2834,267,0.87,50000000,103.4597887
0.69,135.8753345,2834,123,0.93,1000000,53.05271088
0.69,135.8753345,2834,267,0.93,17333333,55.41795524
0.69,135.8753345,2834,267,0.93,33666666,81.67041912
0.69,135.8753345,2834,267,0.93,50000000,96.78496365
0.69,135.8753345,2834,123,1,1000000,49.33902112
0.69,135.8753345,2834,267,1,17333333,51.53869838
0.69,135.8753345,2834,267,1,33666666,75.95348978
0.69,135.8753345,2834,267,1,50000000,90.0100162
0.69,135.8753345,2834,135,0.8,1000000,49.09545323
0.69,135.8753345,2834,134,0.8,17333333,160.283445
0.69,135.8753345,2834,136,0.8,33666666,190.9914975
0.69,135.8753345,2834,390,0.8,50000000,37.62648308
0.69,135.8753345,2834,123,0.87,1000000,56.71151852
0.69,135.8753345,2834,124,0.87,17333333,157.2859222
0.69,135.8753345,2834,125,0.87,33666666,187.6842324
0.69,135.8753345,2834,390,0.87,50000000,34.5990649
0.69,135.8753345,2834,145,0.93,1000000,31.41889426
0.69,135.8753345,2834,156,0.93,17333333,120.3361621
0.69,135.8753345,2834,158,0.93,33666666,145.1604839
0.69,135.8753345,2834,390,0.93,50000000,32.36686716
0.69,135.8753345,2834,123,1,1000000,49.33902112
0.69,135.8753345,2834,124,1,17333333,136.8387523
0.69,135.8753345,2834,125,1,33666666,163.2852822
0.69,135.8753345,2834,390,1,50000000,30.10118646
0.69,135.8753345,3500,23,0.8,1000000,260.3131069
0.69,135.8753345,3500,23,0.8,17333333,525.4896212
0.69,135.8753345,3500,23,0.8,33666666,618.2030641
0.69,135.8753345,3500,23,0.8,50000000,680.9806055
0.69,135.8753345,3500,23,0.87,1000000,239.3683742
0.69,135.8753345,3500,23,0.87,17333333,483.208847
0.69,135.8753345,3500,23,0.87,33666666,568.4625877
0.69,135.8753345,3500,23,0.87,50000000,626.1890625
0.69,135.8753345,3500,23,0.93,1000000,223.9252533
0.69,135.8753345,3500,23,0.93,17333333,452.0340827
0.69,135.8753345,3500,23,0.93,33666666,531.787582
0.69,135.8753345,3500,23,0.93,50000000,585.7897682
0.69,135.8753345,3500,23,1,1000000,208.2504856
0.69,135.8753345,3500,23,1,17333333,420.3916969
0.69,135.8753345,3500,23,1,33666666,494.5624513
0.69,135.8753345,3500,23,1,50000000,544.7844844
0.69,135.8753345,3500,145,0.8,1000000,34.04299743
0.69,135.8753345,3500,145,0.8,17333333,139.4387453
0.69,135.8753345,3500,145,0.8,33666666,169.0134627
0.69,135.8753345,3500,145,0.8,50000000,188.6168732
0.69,135.8753345,3500,145,0.87,1000000,31.30390569
0.69,135.8753345,3500,145,0.87,17333333,128.2195359
0.69,135.8753345,3500,145,0.87,33666666,155.4146783
0.69,135.8753345,3500,145,0.87,50000000,173.4408029
0.69,135.8753345,3500,145,0.93,1000000,29.28429887
0.69,135.8753345,3500,145,0.93,17333333,119.9473078
0.69,135.8753345,3500,145,0.93,33666666,145.3879249
0.69,135.8753345,3500,145,0.93,50000000,162.2510737
0.69,135.8753345,3500,145,1,1000000,27.23439795
0.69,135.8753345,3500,145,1,17333333,111.5509962
0.69,135.8753345,3500,145,1,33666666,135.2107701
0.69,135.8753345,3500,145,1,50000000,150.8934986
0.69,135.8753345,3500,122,0.8,1000000,58.41818799
0.69,135.8753345,3500,267,0.8,17333333,60.04645779
0.69,135.8753345,3500,267,0.8,33666666,88.49152505
0.69,135.8753345,3500,267,0.8,50000000,104.868435
0.69,135.8753345,3500,123,0.87,1000000,52.85854569
0.69,135.8753345,3500,267,0.87,17333333,55.2151336
0.69,135.8753345,3500,267,0.87,33666666,81.37151729
0.69,135.8753345,3500,267,0.87,50000000,96.43074479
0.69,135.8753345,3500,124,0.93,1000000,48.64135355
0.69,135.8753345,3500,267,0.93,17333333,51.65286692
0.69,135.8753345,3500,267,0.93,33666666,76.12174198
0.69,135.8753345,3500,267,0.93,50000000,90.20940642
0.69,135.8753345,3500,125,1,1000000,44.48259289
0.69,135.8753345,3500,267,1,17333333,48.03716623
0.69,135.8753345,3500,267,1,33666666,70.79322004
0.69,135.8753345,3500,267,1,50000000,83.89474797
0.69,135.8753345,3500,145,0.8,1000000,34.04299743
0.69,135.8753345,3500,143,0.8,17333333,141.1754381
0.69,135.8753345,3500,142,0.8,33666666,171.9254387
0.69,135.8753345,3500,390,0.8,50000000,35.07014495
0.69,135.8753345,3500,146,0.87,1000000,30.01092787
0.69,135.8753345,3500,147,0.87,17333333,126.6498922
0.69,135.8753345,3500,148,0.87,33666666,152.8123289
0.69,135.8753345,3500,390,0.87,50000000,32.24840914
0.69,135.8753345,3500,145,0.93,1000000,29.28429887
0.69,135.8753345,3500,143,0.93,17333333,121.4412371
0.69,135.8753345,3500,142,0.93,33666666,147.8928505
0.69,135.8753345,3500,390,0.93,50000000,30.16786662
0.69,135.8753345,3500,146,1,1000000,26.10950725
0.69,135.8753345,3500,148,1,17333333,109.5112177
0.69,135.8753345,3500,149,1,33666666,132.2059585
0.69,135.8753345,3500,390,1,50000000,28.05611596
0.8,126.1886163,1500,23,0.8,1000000,345.7108064
0.8,126.1886163,1500,23,0.8,17333333,697.2040374
0.8,126.1886163,1500,23,0.8,33666666,820.1417776
0.8,126.1886163,1500,23,0.8,50000000,903.3897042
0.8,126.1886163,1500,23,0.87,1000000,317.8949944
0.8,126.1886163,1500,23,0.87,17333333,641.1071609
0.8,126.1886163,1500,23,0.87,33666666,754.1533587
0.8,126.1886163,1500,23,0.87,50000000,830.7031763
0.8,126.1886163,1500,23,0.93,1000000,297.3856399
0.8,126.1886163,1500,23,0.93,17333333,599.7454085
0.8,126.1886163,1500,23,0.93,33666666,705.4983033
0.8,126.1886163,1500,23,0.93,50000000,777.109423
0.8,126.1886163,1500,23,1,1000000,276.5686451
0.8,126.1886163,1500,23,1,17333333,557.7632299
0.8,126.1886163,1500,23,1,33666666,656.1134221
0.8,126.1886163,1500,23,1,50000000,722.7117634
0.8,126.1886163,1500,145,0.8,1000000,58.21654026
0.8,126.1886163,1500,145,0.8,17333333,187.8210471
0.8,126.1886163,1500,145,0.8,33666666,226.5309554
0.8,126.1886163,1500,145,0.8,50000000,252.2815953
0.8,126.1886163,1500,145,0.87,1000000,53.53245082
0.8,126.1886163,1500,145,0.87,17333333,172.7090088
0.8,126.1886163,1500,145,0.87,33666666,208.3043268
0.8,126.1886163,1500,145,0.87,50000000,231.9830762
0.8,126.1886163,1500,145,0.93,1000000,50.07874431
0.8,126.1886163,1500,145,0.93,17333333,161.5664921
0.8,126.1886163,1500,145,0.93,33666666,194.865338
0.8,126.1886163,1500,145,0.93,50000000,217.0164261
0.8,126.1886163,1500,145,1,1000000,46.57323221
0.8,126.1886163,1500,145,1,17333333,150.2568377
0.8,126.1886163,1500,145,1,33666666,181.2247643
0.8,126.1886163,1500,145,1,50000000,201.8252763
0.8,126.1886163,1500,125,0.8,1000000,80.67767328
0.8,126.1886163,1500,267,0.8,17333333,90.47331335
0.8,126.1886163,1500,267,0.8,33666666,124.4489969
0.8,126.1886163,1500,267,0.8,50000000,144.9851897
0.8,126.1886163,1500,123,0.87,1000000,76.18224069
0.8,126.1886163,1500,267,0.87,17333333,83.19385135
0.8,126.1886163,1500,267,0.87,33666666,114.4358593
0.8,126.1886163,1500,267,0.87,50000000,133.3197147
0.8,126.1886163,1500,134,0.93,1000000,60.95484148
0.8,126.1886163,1500,267,0.93,17333333,77.82650611
0.8,126.1886163,1500,267,0.93,33666666,107.0529006
0.8,126.1886163,1500,267,0.93,50000000,124.7184428
0.8,126.1886163,1500,121,1,1000000,68.0185005
0.8,126.1886163,1500,267,1,17333333,72.37865068
0.8,126.1886163,1500,267,1,33666666,99.55919755
0.8,126.1886163,1500,267,1,50000000,115.9881518
0.8,126.1886163,1500,156,0.8,1000000,43.19051455
0.8,126.1886163,1500,157,0.8,17333333,175.1727287
0.8,126.1886163,1500,390,0.8,33666666,27.43502751
0.8,126.1886163,1500,390,0.8,50000000,70.8055251
0.8,126.1886163,1500,145,0.87,1000000,53.53245082
0.8,126.1886163,1500,143,0.87,17333333,174.7690364
0.8,126.1886163,1500,390,0.87,33666666,25.2276115
0.8,126.1886163,1500,390,0.87,50000000,65.10852883
0.8,126.1886163,1500,154,0.93,1000000,39.8023592
0.8,126.1886163,1500,153,0.93,17333333,154.1913763
0.8,126.1886163,1500,390,0.93,33666666,23.60002366
0.8,126.1886163,1500,390,0.93,50000000,60.90797858
0.8,126.1886163,1500,125,1,1000000,64.54213862
0.8,126.1886163,1500,123,1,17333333,172.0755059
0.8,126.1886163,1500,390,1,33666666,21.94802201
0.8,126.1886163,1500,390,1,50000000,56.64442008
0.8,126.1886163,2167,23,0.8,1000000,305.8137942
0.8,126.1886163,2167,23,0.8,17333333,616.7426881
0.8,126.1886163,2167,23,0.8,33666666,725.4927071
0.8,126.1886163,2167,23,0.8,50000000,799.133345
0.8,126.1886163,2167,23,0.87,1000000,281.2080866
0.8,126.1886163,2167,23,0.87,17333333,567.1197132
0.8,126.1886163,2167,23,0.87,33666666,667.1197307
0.8,126.1886163,2167,23,0.87,50000000,734.8352597
0.8,126.1886163,2167,23,0.93,1000000,263.0656294
0.8,126.1886163,2167,23,0.93,17333333,530.5313446
0.8,126.1886163,2167,23,0.93,33666666,624.079748
0.8,126.1886163,2167,23,0.93,50000000,687.4265333
0.8,126.1886163,2167,23,1,1000000,244.6510354
0.8,126.1886163,2167,23,1,17333333,493.3941504
0.8,126.1886163,2167,23,1,33666666,580.3941657
0.8,126.1886163,2167,23,1,50000000,639.306676
0.8,126.1886163,2167,145,0.8,1000000,51.49801723
0.8,126.1886163,2167,145,0.8,17333333,166.1454198
0.8,126.1886163,2167,145,0.8,33666666,200.3879824
0.8,126.1886163,2167,145,0.8,50000000,223.1668506
0.8,126.1886163,2167,145,0.87,1000000,47.3544986
0.8,126.1886163,2167,145,0.87,17333333,152.7773975
0.8,126.1886163,2167,145,0.87,33666666,184.2648114
0.8,126.1886163,2167,145,0.87,50000000,205.2108971
0.8,126.1886163,2167,145,0.93,1000000,44.29936966
0.8,126.1886163,2167,145,0.93,17333333,142.9207912
0.8,126.1886163,2167,145,0.93,33666666,172.376759
0.8,126.1886163,2167,145,0.93,50000000,191.9714844
0.8,126.1886163,2167,145,1,1000000,41.19841378
0.8,126.1886163,2167,145,1,17333333,132.9163358
0.8,126.1886163,2167,145,1,33666666,160.3103859
0.8,126.1886163,2167,145,1,50000000,178.5334805
0.8,126.1886163,2167,125,0.8,1000000,71.36700652
0.8,126.1886163,2167,267,0.8,17333333,80.03217348
0.8,126.1886163,2167,267,0.8,33666666,110.0868681
0.8,126.1886163,2167,267,0.8,50000000,128.2530663
0.8,126.1886163,2167,123,0.87,1000000,67.39037266
0.8,126.1886163,2167,267,0.87,17333333,73.5928032
0.8,126.1886163,2167,267,0.87,33666666,101.229304
0.8,126.1886163,2167,267,0.87,50000000,117.9338541
0.8,126.1886163,2167,122,0.93,1000000,63.86951653
0.8,126.1886163,2167,267,0.93,17333333,68.84488041
0.8,126.1886163,2167,267,0.93,33666666,94.69838115
0.8,126.1886163,2167,267,0.93,50000000,110.3252183
0.8,126.1886163,2167,132,1,1000000,51.70292265
0.8,126.1886163,2167,267,1,17333333,64.02573878
0.8,126.1886163,2167,267,1,33666666,88.06949447
0.8,126.1886163,2167,267,1,50000000,102.6024531
0.8,126.1886163,2167,142,0.8,1000000,54.66361566
0.8,126.1886163,2167,125,0.8,17333333,187.8376601
0.8,126.1886163,2167,390,0.8,33666666,24.2688678
0.8,126.1886163,2167,390,0.8,50000000,62.63416093
0.8,126.1886163,2167,156,0.87,1000000,35.13202866
0.8,126.1886163,2167,155,0.87,17333333,144.1327941
0.8,126.1886163,2167,390,0.87,33666666,22.31620028
0.8,126.1886163,2167,390,0.87,50000000,57.59463074
0.8,126.1886163,2167,165,0.93,1000000,17.27470238
0.8,126.1886163,2167,168,0.93,17333333,125.2474679
0.8,126.1886163,2167,390,0.93,33666666,20.87644542
0.8,126.1886163,2167,390,0.93,50000000,53.87884811
0.8,126.1886163,2167,135,1,1000000,49.36234966
0.8,126.1886163,2167,138,1,17333333,138.5978774
0.8,126.1886163,2167,390,1,33666666,19.41509424
0.8,126.1886163,2167,390,1,50000000,50.10732875
0.8,126.1886163,2834,23,0.8,1000000,279.6469538
0.8,126.1886163,2834,23,0.8,17333333,563.9713356
0.8,126.1886163,2834,23,0.8,33666666,663.4162008
0.8,126.1886163,2834,23,0.8,50000000,730.7558057
0.8,126.1886163,2834,23,0.87,1000000,257.1466242
0.8,126.1886163,2834,23,0.87,17333333,518.5943316
0.8,126.1886163,2834,23,0.87,33666666,610.0378858
0.8,126.1886163,2834,23,0.87,50000000,671.9593615
0.8,126.1886163,2834,23,0.93,1000000,240.5565194
0.8,126.1886163,2834,23,0.93,17333333,485.1366328
0.8,126.1886163,2834,23,0.93,33666666,570.6806029
0.8,126.1886163,2834,23,0.93,50000000,628.6071447
0.8,126.1886163,2834,23,1,1000000,223.717563
0.8,126.1886163,2834,23,1,17333333,451.1770685
0.8,126.1886163,2834,23,1,33666666,530.7329607
0.8,126.1886163,2834,23,1,50000000,584.6046445
0.8,126.1886163,2834,145,0.8,1000000,47.09160906
0.8,126.1886163,2834,145,0.8,17333333,151.9292504
0.8,126.1886163,2834,145,0.8,33666666,183.2418612
0.8,126.1886163,2834,145,0.8,50000000,204.0716643
0.8,126.1886163,2834,145,0.87,1000000,43.30262902
0.8,126.1886163,2834,145,0.87,17333333,139.7050579
0.8,126.1886163,2834,145,0.87,33666666,168.4982632
0.8,126.1886163,2834,145,0.87,50000000,187.6521051
0.8,126.1886163,2834,145,0.93,1000000,40.50891102
0.8,126.1886163,2834,145,0.93,17333333,130.6918283
0.8,126.1886163,2834,145,0.93,33666666,157.6274075
0.8,126.1886163,2834,145,0.93,50000000,175.5455177
0.8,126.1886163,2834,145,1,1000000,37.67328725
0.8,126.1886163,2834,145,1,17333333,121.5434003
0.8,126.1886163,2834,145,1,33666666,146.593489
0.8,126.1886163,2834,145,1,50000000,163.2573314
0.8,126.1886163,2834,134,0.8,1000000,57.31896047
0.8,126.1886163,2834,267,0.8,17333333,73.18425113
0.8,126.1886163,2834,267,0.8,33666666,100.6673273
0.8,126.1886163,2834,267,0.8,50000000,117.2791417
0.8,126.1886163,2834,132,0.87,1000000,54.34365728
0.8,126.1886163,2834,267,0.87,17333333,67.29586311
0.8,126.1886163,2834,267,0.87,33666666,92.56765727
0.8,126.1886163,2834,267,0.87,50000000,107.8428889
0.8,126.1886163,2834,132,0.93,1000000,50.83761487
0.8,126.1886163,2834,267,0.93,17333333,62.95419452
0.8,126.1886163,2834,267,0.93,33666666,86.59555035
0.8,126.1886163,2834,267,0.93,50000000,100.8852832
0.8,126.1886163,2834,145,1,1000000,37.67328725
0.8,126.1886163,2834,267,1,17333333,58.54740091
0.8,126.1886163,2834,267,1,33666666,80.53386183
0.8,126.1886163,2834,267,1,50000000,93.82331336
0.8,126.1886163,2834,162,0.8,1000000,25.6778217
0.8,126.1886163,2834,178,0.8,17333333,125.9159382
0.8,126.1886163,2834,390,0.8,33666666,22.1923114
0.8,126.1886163,2834,390,0.8,50000000,57.27489288
0.8,126.1886163,2834,134,0.87,1000000,52.70709009
0.8,126.1886163,2834,135,0.87,17333333,148.3624337
0.8,126.1886163,2834,390,0.87,33666666,20.40672313
0.8,126.1886163,2834,390,0.87,50000000,52.66656817
0.8,126.1886163,2834,142,0.93,1000000,42.99900582
0.8,126.1886163,2834,143,0.93,17333333,132.250686
0.8,126.1886163,2834,390,0.93,33666666,19.09016034
0.8,126.1886163,2834,390,0.93,50000000,49.26872506
0.8,126.1886163,2834,145,1,1000000,37.67328725
0.8,126.1886163,2834,135,1,17333333,129.0753173
0.8,126.1886163,2834,390,1,33666666,17.75384912
0.8,126.1886163,2834,390,1,50000000,45.81991431
0.8,126.1886163,3500,23,0.8,1000000,260.6477779
0.8,126.1886163,3500,23,0.8,17333333,525.6552
0.8,126.1886163,3500,23,0.8,33666666,618.3437946
0.8,126.1886163,3500,23,0.8,50000000,681.1083559
0.8,126.1886163,3500,23,0.87,1000000,239.6761176
0.8,126.1886163,3500,23,0.87,17333333,483.3611034
0.8,126.1886163,3500,23,0.87,33666666,568.591995
0.8,126.1886163,3500,23,0.87,50000000,626.3065341
0.8,126.1886163,3500,23,0.93,1000000,224.2131422
0.8,126.1886163,3500,23,0.93,17333333,452.1765161
0.8,126.1886163,3500,23,0.93,33666666,531.9086405
0.8,126.1886163,3500,23,0.93,50000000,585.8996609
0.8,126.1886163,3500,23,1,1000000,208.5182223
0.8,126.1886163,3500,23,1,17333333,420.52416
0.8,126.1886163,3500,23,1,33666666,494.6750357
0.8,126.1886163,3500,23,1,50000000,544.8866847
0.8,126.1886163,3500,145,0.8,1000000,43.89221156
0.8,126.1886163,3500,145,0.8,17333333,141.6071979
0.8,126.1886163,3500,145,0.8,33666666,170.7924342
0.8,126.1886163,3500,145,0.8,50000000,190.2070632
0.8,126.1886163,3500,145,0.87,1000000,40.36065431
0.8,126.1886163,3500,145,0.87,17333333,130.2135153
0.8,126.1886163,3500,145,0.87,33666666,157.0505142
0.8,126.1886163,3500,145,0.87,50000000,174.9030467
0.8,126.1886163,3500,145,0.93,1000000,37.75674113
0.8,126.1886163,3500,145,0.93,17333333,121.8126433
0.8,126.1886163,3500,145,0.93,33666666,146.9182229
0.8,126.1886163,3500,145,0.93,50000000,163.6189791
0.8,126.1886163,3500,145,1,1000000,35.11376925
0.8,126.1886163,3500,145,1,17333333,113.2857583
0.8,126.1886163,3500,145,1,33666666,136.6339473
0.8,126.1886163,3500,145,1,50000000,152.1656506
0.8,126.1886163,3500,124,0.8,1000000,61.64470494
0.8,126.1886163,3500,267,0.8,17333333,68.21212309
0.8,126.1886163,3500,267,0.8,33666666,93.82800279
0.8,126.1886163,3500,267,0.8,50000000,109.3112128
0.8,126.1886163,3500,143,0.87,1000000,42.02473064
0.8,126.1886163,3500,267,0.87,17333333,62.72379135
0.8,126.1886163,3500,267,0.87,33666666,86.27862326
0.8,126.1886163,3500,267,0.87,50000000,100.5160578
0.8,126.1886163,3500,145,0.93,1000000,37.75674113
0.8,126.1886163,3500,267,0.93,17333333,58.67709513
0.8,126.1886163,3500,267,0.93,33666666,80.71226047
0.8,126.1886163,3500,267,0.93,50000000,94.0311508
0.8,126.1886163,3500,142,1,1000000,37.27222309
0.8,126.1886163,3500,267,1,17333333,54.56969847
0.8,126.1886163,3500,267,1,33666666,75.06240224
0.8,126.1886163,3500,267,1,50000000,87.44897024
0.8,126.1886163,3500,156,0.8,1000000,32.56337793
0.8,126.1886163,3500,158,0.8,17333333,131.3182772
0.8,126.1886163,3500,390,0.8,33666666,20.68456879
0.8,126.1886163,3500,390,0.8,50000000,53.38364447
0.8,126.1886163,3500,165,0.87,1000000,15.73878582
0.8,126.1886163,3500,168,0.87,17333333,114.1115504
0.8,126.1886163,3500,390,0.87,33666666,19.02029314
0.8,126.1886163,3500,390,0.87,50000000,49.08840871
0.8,126.1886163,3500,165,0.93,1000000,14.72338028
0.8,126.1886163,3500,156,0.93,17333333,114.2621749
0.8,126.1886163,3500,390,0.93,33666666,17.79317745
0.8,126.1886163,3500,390,0.93,50000000,45.9214146
0.8,126.1886163,3500,164,1,1000000,15.84846746
0.8,126.1886163,3500,168,1,17333333,99.27704889
0.8,126.1886163,3500,390,1,33666666,16.54765503
0.8,126.1886163,3500,390,1,50000000,42.70691558
